{
  "SOH": {
    "MAE": 0.005452589538345392,
    "RMSE": 0.009208988385345049,
    "R2": 0.9991924259420903
  },
  "RUL": {
    "MAE": 0.004514285870554501,
    "RMSE": 0.011803650080631124,
    "R2": 0.9969225208905532
  }
}