{
  "SOH": {
    "MAE": 0.01592960344073353,
    "RMSE": 0.020884445359412848,
    "R2": 0.9958465938572683
  },
  "RUL": {
    "MAE": 0.012703856400471773,
    "RMSE": 0.017954395576909265,
    "R2": 0.9928796057671789
  },
  "RUL_Cycles": {
    "MAE": 14.73726899845084,
    "RMSE": 21.687235204285738,
    "R2": 0.9931245374448675
  }
}