{
  "loss": [
    0.23219996690750122,
    0.09480929374694824,
    0.05368143692612648,
    0.040326301008462906,
    0.03350856900215149,
    0.028538815677165985,
    0.02561115473508835,
    0.022692175582051277,
    0.021324431523680687,
    0.020165083929896355,
    0.018925674259662628,
    0.018201123923063278,
    0.017502129077911377,
    0.017422083765268326,
    0.016146596521139145,
    0.015641210600733757,
    0.015247813425958157,
    0.014660891145467758,
    0.014450542628765106,
    0.01431929599493742,
    0.013831022195518017,
    0.013907358981668949,
    0.013246706686913967,
    0.013442139141261578,
    0.012986968271434307,
    0.012833419255912304,
    0.013028809800744057,
    0.012008222751319408,
    0.012307217344641685,
    0.011817584745585918
  ],
  "rul_cycles_loss": [
    0.06286221742630005,
    0.030153777450323105,
    0.022230681031942368,
    0.018576165661215782,
    0.01628696173429489,
    0.014599969610571861,
    0.01335050631314516,
    0.012061807326972485,
    0.011435779742896557,
    0.010663443244993687,
    0.010112614370882511,
    0.009709753096103668,
    0.00927532184869051,
    0.00918945949524641,
    0.00835506897419691,
    0.008187307976186275,
    0.008001825772225857,
    0.0076408772729337215,
    0.007563470862805843,
    0.0075837429612874985,
    0.007236103527247906,
    0.007435406092554331,
    0.00684512872248888,
    0.007061599288135767,
    0.006759800016880035,
    0.006609391421079636,
    0.00682690367102623,
    0.0061149150133132935,
    0.006420563440769911,
    0.006114011164754629
  ],
  "rul_cycles_mae": [
    0.19537700712680817,
    0.12578736245632172,
    0.10281313210725784,
    0.09276339411735535,
    0.08556610345840454,
    0.07887108623981476,
    0.07437078654766083,
    0.06966929882764816,
    0.0680440291762352,
    0.0650940090417862,
    0.062060821801424026,
    0.06152108684182167,
    0.059918224811553955,
    0.05998626723885536,
    0.055952589958906174,
    0.05546882003545761,
    0.055535390973091125,
    0.053978219628334045,
    0.05421823635697365,
    0.05294526368379593,
    0.05267339572310448,
    0.054986678063869476,
    0.0492943674325943,
    0.05251943692564964,
    0.04885430634021759,
    0.048593949526548386,
    0.04966210201382637,
    0.045837514102458954,
    0.047154445201158524,
    0.04541977122426033
  ],
  "rul_loss": [
    0.0643206462264061,
    0.0272666085511446,
    0.017962202429771423,
    0.013147245161235332,
    0.010780200362205505,
    0.008918862789869308,
    0.007963055744767189,
    0.006713841110467911,
    0.00622261269018054,
    0.005966506898403168,
    0.005396023392677307,
    0.005201759748160839,
    0.004999005701392889,
    0.0050983065739274025,
    0.004782107658684254,
    0.004585915710777044,
    0.004431894049048424,
    0.004291560035198927,
    0.004308158997446299,
    0.004280420485883951,
    0.004184294026345015,
    0.004158828407526016,
    0.004115459509193897,
    0.004180700518190861,
    0.004066585563123226,
    0.004131491295993328,
    0.004097604192793369,
    0.0038726681377738714,
    0.0039780098013579845,
    0.003774222917854786
  ],
  "rul_mae": [
    0.1935742348432541,
    0.12929192185401917,
    0.10141218453645706,
    0.08168654888868332,
    0.07191767543554306,
    0.0630001574754715,
    0.05892578139901161,
    0.051375966519117355,
    0.04899698495864868,
    0.048380088061094284,
    0.043386202305555344,
    0.043980419635772705,
    0.04221073538064957,
    0.043824952095746994,
    0.04154209420084953,
    0.039815668016672134,
    0.03796079382300377,
    0.0378086194396019,
    0.037971239537000656,
    0.03731957823038101,
    0.036762502044439316,
    0.03736041113734245,
    0.03664465248584747,
    0.038197699934244156,
    0.037144046276807785,
    0.03697078675031662,
    0.03769898787140846,
    0.03456249088048935,
    0.036058779805898666,
    0.03450039401650429
  ],
  "soh_loss": [
    0.10469970852136612,
    0.03732644021511078,
    0.01350199431180954,
    0.008527561090886593,
    0.006459828000515699,
    0.005023112054914236,
    0.004274248145520687,
    0.00389096955768764,
    0.0036561826709657907,
    0.0035333356354385614,
    0.0034252689220011234,
    0.0032999925315380096,
    0.003191847587004304,
    0.003121967427432537,
    0.0029938011430203915,
    0.002902203006669879,
    0.0027894426602870226,
    0.002709711901843548,
    0.002564128255471587,
    0.002439125906676054,
    0.002394459443166852,
    0.0023293113335967064,
    0.002270578872412443,
    0.0022137898486107588,
    0.0021535023115575314,
    0.002103455364704132,
    0.002086402615532279,
    0.0020044101402163506,
    0.00196987041272223,
    0.0019178397487848997
  ],
  "soh_mae": [
    0.2898022532463074,
    0.16864018142223358,
    0.0985892191529274,
    0.07637926191091537,
    0.06574919819831848,
    0.0582222156226635,
    0.05384048447012901,
    0.051123395562171936,
    0.049480538815259933,
    0.048711929470300674,
    0.04782484099268913,
    0.04712548851966858,
    0.04629255458712578,
    0.04569410905241966,
    0.04477823153138161,
    0.04412859305739403,
    0.043189823627471924,
    0.04225219413638115,
    0.04097956791520119,
    0.03992757946252823,
    0.03942444920539856,
    0.038922227919101715,
    0.03843781352043152,
    0.03772798180580139,
    0.037206582725048065,
    0.03663847967982292,
    0.03643142059445381,
    0.03564697504043579,
    0.03527325391769409,
    0.03480460122227669
  ],
  "val_loss": [
    0.13636840879917145,
    0.06647399812936783,
    0.044983308762311935,
    0.03569429740309715,
    0.030006365850567818,
    0.027030164375901222,
    0.024490194395184517,
    0.02256825938820839,
    0.022888442501425743,
    0.02047072723507881,
    0.02047302946448326,
    0.018949167802929878,
    0.017896421253681183,
    0.0198375191539526,
    0.016945427283644676,
    0.01707562804222107,
    0.01577155292034149,
    0.016017308458685875,
    0.015848761424422264,
    0.016276953741908073,
    0.015605248510837555,
    0.014788017608225346,
    0.014092708006501198,
    0.015912704169750214,
    0.0139607023447752,
    0.014418818056583405,
    0.013374140486121178,
    0.012804540805518627,
    0.014213642105460167,
    0.012841012328863144
  ],
  "val_rul_cycles_loss": [
    0.038011375814676285,
    0.025083797052502632,
    0.020371053367853165,
    0.01708228513598442,
    0.015184495598077774,
    0.01438555121421814,
    0.012951481156051159,
    0.012199029326438904,
    0.011880499310791492,
    0.011083892546594143,
    0.010980420745909214,
    0.01005959790199995,
    0.009327108040452003,
    0.010197938419878483,
    0.008896172977983952,
    0.00918093603104353,
    0.008260809816420078,
    0.008508380502462387,
    0.008427930995821953,
    0.008447278290987015,
    0.00820514652878046,
    0.007879174314439297,
    0.007466839160770178,
    0.008517516776919365,
    0.007307803258299828,
    0.00740175973623991,
    0.006704758387058973,
    0.006608873140066862,
    0.007434283383190632,
    0.006645197048783302
  ],
  "val_rul_cycles_mae": [
    0.14725913107395172,
    0.1130538061261177,
    0.09610843658447266,
    0.08784952014684677,
    0.07958083599805832,
    0.07975608110427856,
    0.07477910071611404,
    0.07126295566558838,
    0.07095415890216827,
    0.06811915338039398,
    0.06405334174633026,
    0.06386435031890869,
    0.06059238687157631,
    0.06641677767038345,
    0.05671510845422745,
    0.05858603119850159,
    0.05681425333023071,
    0.05933227762579918,
    0.05842868983745575,
    0.05868355557322502,
    0.0590515211224556,
    0.05717286840081215,
    0.05290709808468819,
    0.060732245445251465,
    0.052434343844652176,
    0.05306151136755943,
    0.048089370131492615,
    0.046061571687459946,
    0.055711664259433746,
    0.047679975628852844
  ],