{
  "epochs": [
    1,
    2,
    3,
    4,
    5,
    6,
    7,
    8,
    9,
    10,
    11,
    12,
    13,
    14,
    15,
    16,
    17,
    18,
    19,
    20,
    21,
    22,
    23,
    24,
    25,
    26,
    27,
    28,
    29,
    30
  ],
  "train_loss": [
    28.02956199645996,
    13.51166820526123,
    12.65135383605957,
    12.810747146606445,
    13.986235618591309,
    11.021383285522461,
    11.530495643615723,
    10.592398643493652,
    10.294514656066895,
    9.04643726348877,
    8.75105094909668,
    8.136238098144531,
    8.64536190032959,
    5.679604530334473,
    6.242687225341797,
    6.856932640075684,
    4.697153091430664,
    6.483994007110596,
    4.683273792266846,
    4.1627888679504395,
    4.026208877563477,
    2.8142004013061523,
    3.8506031036376953,
    2.4987401962280273,
    2.377549886703491,
    1.8648568391799927,
    2.9727489948272705,
    2.875711679458618,
    2.163512945175171,
    3.892084836959839
  ],
  "val_loss": [
    52.09239196777344,
    28.951988220214844,
    25.786001205444336,
    15.920117378234863,
    14.340611457824707,
    17.122726440429688,
    11.232687950134277,
    7.741153240203857,
    8.075594902038574,
    8.59277057647705,
    7.460108280181885,
    7.104711532592773,
    5.4069085121154785,
    4.0323309898376465,
    7.328326225280762,
    3.777122974395752,
    3.4077699184417725,
    3.930126190185547,
    3.9318559169769287,
    1.785119891166687,
    4.795403957366943,
    1.3109828233718872,
    2.1395230293273926,
    8.88039493560791,
    0.6883114576339722,
    1.5077635049819946,
    0.9618351459503174,
    0.801054060459137,
    1.3735216856002808,
    4.4484148025512695
  ],
  "soh_mae": [
    0.11154898256063461,
    0.06280405819416046,
    0.054227132350206375,
    0.055267103016376495,
    0.05389770492911339,
    0.04629199951887131,
    0.04943748190999031,
    0.048020437359809875,
    0.052406441420316696,
    0.04743479937314987,
    0.04571794345974922,
    0.04342741519212723,
    0.04775276780128479,
    0.04580095037817955,
    0.045238953083753586,
    0.042760442942380905,
    0.04271852225065231,
    0.04885364696383476,
    0.050153061747550964,
    0.04485078528523445,
    0.04779265448451042,
    0.04632996395230293,
    0.04248057305812836,
    0.043816447257995605,
    0.04469821974635124,
    0.043036025017499924,
    0.04847431555390358,
    0.04412602260708809,
    0.040463127195835114,
    0.04379578307271004
  ],
  "rul_mae": [
    0.06207156181335449,
    0.0413786880671978,
    0.04460086673498154,
    0.044865380972623825,
    0.044865384697914124,
    0.044865384697914124,
    0.04486539214849472,
    0.04486539587378502,
    0.04486539214849472,
    0.04478074237704277,
    0.044865384697914124,
    0.044865384697914124,
    0.044865384697914124,
    0.04486538842320442,
    0.04486539214849472,
    0.04492886736989021,
    0.04487607628107071,
    0.04486538842320442,
    0.044865380972623825,
    0.044881366193294525,
    0.044865380972623825,
    0.04486538842320442,
    0.04486538842320442,
    0.044865384697914124,
    0.044865384697914124,
    0.044865384697914124,
    0.04486539214849472,
    0.044865380972623825,
    0.04486538842320442,
    0.044906530529260635
  ],
  "rul_cycles_mae": [
    1.7424359321594238,
    0.9912509322166443,
    0.9234458208084106,
    0.9038186073303223,
    0.9545682668685913,
    0.8284656405448914,
    0.8303453922271729,
    0.8252506852149963,
    0.7843583822250366,
    0.7463077306747437,
    0.7283942699432373,
    0.7206280827522278,
    0.7109793424606323,
    0.5735887289047241,
    0.5996112823486328,
    0.6440534591674805,
    0.5083171129226685,
    0.6294971108436584,
    0.5207516551017761,
    0.48665255308151245,
    0.4708712100982666,
    0.40549200773239136,
    0.45455846190452576,
    0.37106555700302124,
    0.3545290529727936,
    0.32623717188835144,
    0.426750510931015,
    0.3980362117290497,
    0.3481003940105438,
    0.4758964776992798
  ]
}