RUL_Cycles_loss,RUL_Cycles_mae,RUL_loss,RUL_mae,SOH_loss,SOH_mae,loss,val_RUL_Cycles_loss,val_RUL_Cycles_mae,val_RUL_loss,val_RUL_mae,val_SOH_loss,val_SOH_mae,val_loss
0.10053817927837372,0.24042248725891113,0.1044388860464096,0.23899520933628082,0.19473281502723694,0.3535154461860657,0.4001450538635254,0.060633335262537,0.21046434342861176,0.09140478819608688,0.26558277010917664,0.12805625796318054,0.321981817483902,0.28016355633735657
0.06450425833463669,0.21521812677383423,0.09075255692005157,0.26195845007896423,0.13029786944389343,0.32571423053741455,0.2854197323322296,0.059647995978593826,0.20556558668613434,0.09022533148527145,0.25554636120796204,0.1285731941461563,0.32567134499549866,0.2785133123397827
0.06430532783269882,0.21367695927619934,0.09074614197015762,0.2600236237049103,0.13027183711528778,0.3256857693195343,0.2853703200817108,0.06045755743980408,0.20979054272174835,0.0902222990989685,0.25480028986930847,0.1291668862104416,0.3268709182739258,0.27991029620170593
0.06424307078123093,0.21410542726516724,0.09060072898864746,0.25874173641204834,0.13028132915496826,0.3257594406604767,0.2850772440433502,0.05975465103983879,0.206318199634552,0.09031976014375687,0.2579624652862549,0.12852992117404938,0.3255738914012909,0.278669536113739
0.06422577053308487,0.21328893303871155,0.09059178084135056,0.2607419490814209,0.1302507370710373,0.32576069235801697,0.28517356514930725,0.06094967573881149,0.21160568296909332,0.09066466987133026,0.2614164650440216,0.1299820989370346,0.3282163441181183,0.28165268898010254
0.06456273794174194,0.2142898291349411,0.09046927094459534,0.26042166352272034,0.13022299110889435,0.32611703872680664,0.28535547852516174,0.06015387177467346,0.20848523080348969,0.09022482484579086,0.2544965147972107,0.12851974368095398,0.32555046677589417,0.2789653539657593
0.06436100602149963,0.2141605168581009,0.09087500721216202,0.25927990674972534,0.13042105734348297,0.32567399740219116,0.28552332520484924,0.05978010594844818,0.20648221671581268,0.09022321552038193,0.2553383708000183,0.1286526918411255,0.32584279775619507,0.2787223160266876
